model,epochs,best epoch,elapsed time,format time,train_drive_AUC,train_drive_Accuracy,train_drive_F1,test_drive_AUC,test_drive_Accuracy,test_drive_F1
model_0,181,80,587,0h 9m 47s,0.9431738285247517,0.8652347953342229,0.8360818805298152,0.9305256847199521,0.8521973094170403,0.8175376439326837
model_1,181,80,554,0h 9m 14s,0.9431738439136903,0.8652347953342229,0.8360818805298152,0.930525684719952,0.8521973094170403,0.8175376439326837
model_3,181,80,264,0h 4m 24s,0.9431738323719863,0.8652347953342229,0.8360818805298152,0.9305256847199521,0.8521973094170403,0.8175376439326837
model_5,181,80,325,0h 5m 25s,0.9431738246775171,0.8652347953342229,0.8360818805298152,0.9305256847199521,0.8521973094170403,0.8175376439326837
model_7,181,80,707,0h 11m 47s,0.9431725858679685,0.8653639220074894,0.8362132160435647,0.9305181807193819,0.8518385650224215,0.8172566371681416
model_8,181,80,658,0h 10m 58s,0.9431725858679685,0.8653639220074894,0.8362132160435647,0.9305181807193819,0.8518385650224215,0.8172566371681416
