model,epochs,best epoch,elapsed time,format time,train_drive_AUC,train_drive_Accuracy,train_drive_F1,test_drive_AUC,test_drive_Accuracy,test_drive_F1
model_0,238,137,316,0h 5m 16s,0.9436509548682447,0.8665260620668876,0.8374311926605505,0.9299993326799492,0.8518385650224215,0.8172566371681416
model_1,285,184,411,0h 6m 51s,0.945302218746374,0.8685490466147291,0.8394490589843339,0.9300262666819964,0.8518385650224215,0.8166888592987128
model_2,1128,1027,1570,0h 26m 10s,0.9489898623828785,0.8752205914001635,0.8477975534204862,0.9273371544776239,0.8487892376681614,0.8137839628893307
model_3,181,80,619,0h 10m 19s,0.9431725858679685,0.8653639220074894,0.8362132160435647,0.9305181807193819,0.8518385650224215,0.8172566371681416
model_4,212,111,997,0h 16m 37s,0.9448784073802886,0.8682907932681961,0.8387436762225968,0.9305660187230175,0.8513004484304932,0.8154907634097486
